attr_conc.mean,attr_conc.sd,attr_ent.mean,attr_ent.sd,attr_to_inst,best_node.mean,best_node.mean.relative,best_node.sd,best_node.sd.relative,c1,c2,can_cor.mean,can_cor.sd,cat_to_num,ch,class_conc.mean,class_conc.sd,class_ent,cls_coef,cohesiveness.mean,cohesiveness.sd,conceptvar.mean,conceptvar.sd,cor.mean,cor.sd,cov.mean,cov.sd,density,eigenvalues.mean,eigenvalues.sd,elite_nn.mean,elite_nn.mean.relative,elite_nn.sd,elite_nn.sd.relative,eq_num_attr,f1.mean,f1.sd,f1v.mean,f1v.sd,f2.mean,f2.sd,f3.mean,f3.sd,f4.mean,f4.sd,freq_class.mean,freq_class.sd,g_mean.mean,g_mean.sd,gravity,h_mean.mean,h_mean.sd,hubs.mean,hubs.sd,impconceptvar.mean,impconceptvar.sd,inst_to_attr,int,iq_range.mean,iq_range.sd,joint_ent.mean,joint_ent.sd,kurtosis.mean,kurtosis.sd,l1.mean,l1.sd,l2.mean,l2.sd,l3.mean,l3.sd,leaves,leaves_branch.mean,leaves_branch.sd,leaves_corrob.mean,leaves_corrob.sd,leaves_homo.mean,leaves_homo.sd,leaves_per_class.mean,leaves_per_class.sd,lh_trace,linear_discr.mean,linear_discr.mean.relative,linear_discr.sd,linear_discr.sd.relative,lsc,mad.mean,mad.sd,max.mean,max.sd,mean.mean,mean.sd,median.mean,median.sd,min.mean,min.sd,mut_inf.mean,mut_inf.sd,n1,n2.mean,n2.sd,n3.mean,n3.sd,n4.mean,n4.sd,naive_bayes.mean,naive_bayes.mean.relative,naive_bayes.sd,naive_bayes.sd.relative,nodes,nodes_per_attr,nodes_per_inst,nodes_per_level.mean,nodes_per_level.sd,nodes_repeated.mean,nodes_repeated.sd,nr_attr,nr_bin,nr_cat,nr_class,nr_cor_attr,nr_disc,nr_inst,nr_norm,nr_num,nr_outliers,nre,ns_ratio,num_to_cat,one_itemset.mean,one_itemset.sd,one_nn.mean,one_nn.mean.relative,one_nn.sd,one_nn.sd.relative,p_trace,pb,random_node.mean,random_node.mean.relative,random_node.sd,random_node.sd.relative,range.mean,range.sd,roy_root,sc,sd.mean,sd.sd,sd_ratio,sil,skewness.mean,skewness.sd,sparsity.mean,sparsity.sd,t1.mean,t1.sd,t2,t3,t4,t_mean.mean,t_mean.sd,tree_depth.mean,tree_depth.sd,tree_imbalance.mean,tree_imbalance.sd,tree_shape.mean,tree_shape.sd,two_itemset.mean,two_itemset.sd,var.mean,var.sd,var_importance.mean,var_importance.sd,vdb,vdu,w_lambda,wg_dist.mean,wg_dist.sd,worst_node.mean,worst_node.mean.relative,worst_node.sd,worst_node.sd.relative,dataset
0.0975308732917965,0.2300518138247281,0.7888102544027716,0.9991555077524792,0.0013160492202408,0.9265645247912409,6.0,0.0003214156699095,2.0,0.3786155835634606,0.8424780005907878,0.5634570953706244,,0.0,2369.137944706467,0.0588714047565004,0.1002371866488009,0.3786155835634606,0.3614135810881428,4035.430035533329,670.8472641504563,0.1116472936672485,0.2177943057907731,0.2466989600310402,0.3570216191626279,18.111403999677805,101.86380498388758,0.8333432640372853,285.4274464550443,773.5511845205991,0.8278803142649249,1.0,0.2675320299723259,7.0,9.966837569885689,0.9492906768600148,0.0967935542016783,0.1276215809335295,,0.7704402515723271,,0.9961834572613016,,0.9957228400342172,,0.5,0.6032532353809034,7.252475826266668,13.737323126344585,106.37494441980178,2.875065981118855,2.4892703579040885,0.7033557584694123,0.2987490691788563,379.26555816937554,635.2339182743293,759.85,138.04345313411764,6.55,21.43895863535403,1.1294383037149034,0.9859956149720388,177.5233329193067,181.04088133264725,0.0447906323473237,,0.0713956701980653,,0.1439099822333355,,1093,14.664226898444648,4.692345422088144,0.000914913083257,0.0103811255994442,356035358.6629459,3951636328.331866,0.5,0.122271895374435,0.4651668986909598,0.8947956585010914,3.0,0.0680992837841325,6.0,0.9660080992234084,0.96369,3.640363422849572,75.35,41.65051967831474,14.71705928801737,25.811027066270817,18.75,34.812089551582055,0.95,0.223606797749979,0.0379875342513285,0.0560772544409759,0.105349740080279,,,0.0723169046522339,0.2590204330649285,0.1951700993617161,0.3963446335251191,0.9097955285679638,4.0,0.0605975682741889,4.0,1092,54.6,0.0718562874251497,35.225806451612904,31.584500077748423,54.6,81.23805175305213,20,3,0,2,0.2578947368421052,1,15197,0.0,20,15,0.262436324263071,19.76497645738048,,0.2666666666666666,0.3476899404746542,0.8881478898860052,2.0,0.0641647936212315,5.0,0.3174838983235009,-0.3304576600115016,0.9265645247912409,6.0,0.0003214156699095,2.0,74.4,41.68983215681202,0.4651668986909598,0,10.43924265656436,13.628517284777748,1.1110632369719398,0.3804667693908817,9.589305630955195,9.571848082111508,0.3072669568617128,0.1251026621585401,0.0001352082206598,0.0002487122384202,0.0013160492202408,0.0002632098440481,0.2,16.296644368900097,30.626624552775304,13.671395881006864,4.889439835598287,0.0333175742145405,0.0592938647926328,0.0069766152021283,0.0169578080949524,0.4268790849673202,0.3354955158551627,285.42744645504433,620.7966783891707,0.05,0.0753222215705923,1.1690823442715417,0.0,0.6825161016764991,1.33234947536261,0.2720290586757498,0.9265645247912409,6.0,0.0003214156699095,2.0,covid19_1_of_69
0.0288404387964756,0.0321105369937229,2.958105757854844,0.3416894062469474,0.0104166666666666,0.7175495557074505,5.0,0.0422379106125569,5.0,0.9331343166407832,0.1672466938450829,0.550684206829006,,0.0,24.299108056220984,0.0124898169580778,0.0085232980177245,0.9331343166407832,0.4762263891766024,374.9505208333333,17.268788108988737,0.4443778467765442,0.1529369293174352,0.1716567889709265,0.1324338655520699,109.35023488509572,266.0928737828406,0.8690311277705345,1893.0594716960884,4682.592251943354,0.6368933697881066,1.0,0.0657465518426063,7.0,12.954877983803843,0.9416866191212752,0.0701360746952297,0.3435590782814176,,0.2515956493264203,,0.9934895833333334,,0.9778645833333334,,0.5,0.2136051734834362,3.98070018792246,11.105207416322994,45.24310842710197,3.786169797298347,10.58269832128959,0.7417449325142741,0.2638704384349161,169.6875,54.74741395784561,96.0,145.32696280198326,31.2728125,41.090233272933695,3.819210502483649,0.3357632924270967,2.7345612250230227,2.913385829403486,0.1473997525347524,,0.2265625,,0.1875,,128,8.4609375,2.054004514903532,0.0078125,0.0175249778293554,10421.956177156178,13778.841085563605,0.5,0.0331456303681194,0.4352413964927283,0.7734962406015038,7.0,0.0365404028560128,3.0,0.9893815782335068,15.6168744375,15.086466992445496,179.19,276.32481342486363,44.98579117838541,41.63527666540936,38.3590625,38.609856900646406,2.63475,7.420731803535283,0.0720295720119776,0.0516087721980938,0.4361979166666667,0.4541916061777487,0.0982432692429738,0.3020833333333333,0.4594604094843525,0.3372395833333333,0.4730755263244203,0.7564935064935066,6.0,0.0348241186513667,2.0,127,15.875,0.1653645833333333,9.76923076923077,7.573570779954087,15.875,7.772432970808708,8,0,0,2,0.0357142857142857,1,768,0.0,8,8,0.6467994206632901,40.06793467220582,,0.1194029850746268,0.0560510360784545,0.6796650717703349,4.0,0.0589050760442961,6.0,0.3032530956508914,-0.0904613604109897,0.6784347231715653,3.0,0.0383307737372981,4.0,176.55525,277.4951336879622,0.4352413964927283,0,25.733742975451573,37.5055644506936,1.0325939949354754,0.1042601134755861,0.5271805558363709,1.321603237158665,0.0159229642966279,0.0185492507127831,0.0013020833333333,0.0,0.0104166666666666,0.0026041666666666,0.25,40.20920779220779,38.84354586789453,7.498039215686274,2.4234330269787425,0.0858631968941672,0.0931952944671142,0.0442981719970703,0.0579403512503073,0.2107142857142857,0.0631167893326176,1893.0594716960927,4613.544969593338,0.125,0.1054237789010567,4.427473994795716,3.6778237344316795e-08,0.6967469043491086,0.5780190679561805,0.119676985107382,0.6549555707450445,2.0,0.0329695807557943,1.0,diabetes_1_of_1
0.1321463447334323,0.1377930034702508,1.400974803360049,0.851864352980419,0.0034552845528455,0.048780487804878,2.5,0.0,1.5,1.0,-2.220446049250313e-16,0.6724472039502805,0.3247325555868965,0.0,645.9799751066591,0.7608993748904189,0.1042454687349526,5.357552004618084,0.491849353569421,1385.8274390243903,245.8958856234159,0.9541448281417166,0.0184580795245155,0.2932709569312303,0.244487729345273,0.9030355204820238,1.0490496902718742,0.9880032130266412,3.012418715471849,5.963872475438708,0.0902439024390243,4.0,0.0090492183507121,4.0,4.742433740541842,0.1876854206588346,0.1318169013533653,0.0076854875144874,0.0167407479066158,,,0.3509146341463414,1.1725040067903507,0.0009451219512195,0.0145608290197828,0.024390243902439,0.0,0.6505322388246911,1.4606286429569322,6.419112088131816,0.6040570456938961,1.366559498351008,0.9810012745450766,0.1237276075864354,1330.8091463414637,242.13479002119536,289.4117647058824,9.52777444698511,1.7647058823529411,1.7863864281247313,5.628821619096367,0.2148723766952142,8.012491151790682,17.006767096190686,0.0008562785827482,0.0085814223899923,0.0006097560975609,0.0062697913213058,0.0023628048780487,0.0120248794678416,92,11.869565217391305,4.22243456492112,0.0108695652173913,0.0093762355593896,278915.8713349945,765584.8794603568,0.024390243902439,0.0132636507696633,1986.904976482652,0.8217479674796747,5.0,0.163165378854645,7.0,0.985609756097561,0.6104823529411765,0.9167611768034888,6.411764705882353,1.2776356840572631,1.8293400286944048,1.4894552690657694,1.2941176470588236,1.829094922439543,0.2941176470588235,0.6859943405700354,1.1297051888817666,0.6499926196934077,0.3873983739837398,,,0.007520325203252,0.0864018937691509,0.5898373983739837,0.4919130253001965,0.883739837398374,6.0,0.0715326527566014,6.0,91,5.352941176470588,0.0184959349593495,4.55,2.9642608025042527,7.583333333333333,6.402532642823794,17,1,0,41,0.2058823529411764,17,4920,0.0,17,8,3.713572066704308,0.2401242529007037,,0.2179487179487179,0.2624649919382897,0.992479674796748,7.0,0.0082450097163015,3.0,9.374368838237302,-0.2668611799662517,0.048780487804878,2.5,0.0,1.5,6.117647058823529,1.3173056280328643,1846.0428087517612,0,1.6347780887064929,0.6009694446615466,,0.3240984925122881,1.9537504778040276,2.3788468680913586,0.1929732250696578,0.0884459294154454,0.0038910505836575,0.0050001728779396,0.0034552845528455,0.0022357723577235,0.6470588235294118,1.511477761836442,1.664155718902127,10.939890710382514,4.350280272525969,0.0445836167719851,0.0934382978457545,0.0363251851952594,0.093412311457377,0.3436619718309859,0.2634449754047885,3.012418715471849,1.770227441143649,0.0588235294117647,0.0575492464643128,2.1803773833556312,0.0,1.159460634211432e-12,1.254665254483744,0.2462704710983484,0.0390243902439024,1.0,0.0103549990105923,5.0,symptoms_1_of_1
0.0349577976517748,0.0827180469200119,1.9461602890441416,1.543769313687579,0.0019569471624266,0.9512720156555772,6.0,0.0006188410293871,2.0,0.2809687551173032,0.8978200541109526,0.2833978784618791,,0.0,132.91275606306996,0.0058662710253861,0.0069233039645644,0.2809687551173032,0.4538601909978798,1328.765313111546,105.67351501623054,0.0871838914376375,0.1946721244425405,0.1229608819610029,0.1414676384080021,8.92780935030418,37.77565906128237,0.832192221316973,262.44496927503576,659.4538663207715,0.8727984344422701,2.0,0.0897686928338463,7.0,23.12166534783112,0.9869971026764556,0.0182024123241848,0.3468322999614023,,0.3281959320111902,,0.9643835616438357,,0.944422700587084,,0.5,0.638195004859561,15.985395219193371,31.75455844469916,37.88915416147948,13.316823249189412,29.428220038701596,0.4991261771603604,0.2220743580046918,118.12446183953033,249.80749321385412,511.0,75.69149657738775,8.8845,14.743023293522036,2.2149772916431667,1.5343783552380037,1.6262627133016745,4.881727386110064,0.0464638925172523,,0.0487279843444227,,0.0487279843444227,,369,10.937669376693767,2.8786915787573664,0.002710027100271,0.0174900776744788,308764.18526007875,914354.197138918,0.5,0.1283906621666631,0.0873280540727282,0.94559686888454,4.0,0.0031689387609892,4.0,0.9834017562739114,6.090520800000001,10.8897927108796,46.334,87.3396893615828,18.42709531544561,34.2980679014953,17.2285,30.41417999424318,6.55,17.36946810418276,0.0121517525182786,0.0159155683088272,0.1250489236790606,0.2361285369348739,0.1796860070165634,0.0882583170254403,0.2836979677401439,0.1565557729941291,0.3634169901243456,0.8651663405088061,1.0,0.0129956616171303,6.0,368,36.8,0.0720156555772994,19.36842105263158,16.60391696195606,36.8,37.72355585925944,10,4,0,2,0.0222222222222222,1,5110,0.0,10,4,0.1947527004349964,159.1547008233363,,0.1449275362318841,0.1987812152970984,0.9185909980430528,3.0,0.0074489771290907,5.0,0.0803143575166939,-0.1250794089394483,0.9512720156555772,6.0,0.0006188410293871,2.0,39.784000000000006,71.0701799006525,0.0873280540727282,0,7.977497450716051,14.862499554204447,,0.2312731243844749,0.8386468243667892,1.5390906214103954,0.2794176530641447,0.2191772599790414,0.0001996805111821,5.707627317098755e-05,0.0019569471624266,0.0003913894324853,0.2,17.19448045072638,30.851177770643684,9.953867028493894,3.177372333273373,0.0550410135161715,0.0762460879006225,0.0182267165765529,0.0317751308503402,0.2764185320145757,0.2247940120102949,262.44496927503576,648.1739357890056,0.1,0.1060437127220313,2.616238082631959,3.8150782245384765e-09,0.919685642483306,1.2611107471641636,0.1403251755307505,0.9512720156555772,6.0,0.0006188410293871,2.0,stroke_1_of_1
0.0275097400741438,0.03132805206244,2.828201309214236,0.5881518781747043,0.0203735144312393,0.9167738164815896,4.0,0.018854502874875,4.0,0.2971820687469698,0.8522398953433364,0.5368319307641922,0.288386990175501,0.0,40.55791674605058,0.0312778228375795,0.0166554551914851,0.6900353947203366,0.3869231251549559,221.160441426146,18.020843151752075,0.1861567930672638,0.2712833094032198,0.1436801156816267,0.1233893133829493,54.73315427208312,141.3947111955218,0.82811868380629,681.3400354189044,1153.4941728688582,0.8692869666861485,1.0,0.0264658626716113,7.0,5.611375520377158,0.8148763779570901,0.1243439032309947,0.057563311040381,0.0968481371494411,0.0003433015982649,0.0007007343748819,2.567444127155577,2.8614636633228487,0.0,0.0,0.2,0.3875849541369041,33.23749088155094,26.98891789072471,158.88451497518395,31.26437564791941,26.589049684995132,0.7539841292985539,0.2431858722248724,42.34380305602716,57.33205664535015,49.083333333333336,215.52948158162215,11.183333333333335,8.854828506458377,3.395265893619964,0.5539138591161865,47.719513791335295,76.00994214950362,0.019606457761988,0.0500835661949156,0.0217625185057635,0.0586487655716558,0.0374059812258392,0.0880647976956618,27,5.296296296296297,1.3534802665383905,0.037037037037037,0.1630275877806571,263.3904761904762,211.95386364483127,0.2,0.0891969968799429,3.692325403694413,0.9337521917007596,6.0,0.0219514200477317,5.0,0.9050302518440798,7.852837999999999,6.284031293823186,273.14,322.12739459017536,36.18898415393322,27.41596618375729,33.00583333333333,27.37665444011253,10.1375,12.984726779776867,0.1229708103146084,0.063306471366429,0.1222410865874363,0.3403523084579447,0.088546131165871,0.0577249575551782,0.2334208464767846,0.0577249575551782,0.2334208464767846,0.9252776154295732,5.0,0.0243070104207206,6.0,26,2.1666666666666665,0.0441426146010186,3.25,2.052872551885702,2.6,1.837873166945363,12,1,0,5,0.0151515151515151,4,589,0.0,12,11,0.4782960883369703,21.998964567107983,,0.1333333333333333,0.0586170086440455,0.940561075394506,7.0,0.0165424328280235,3.0,1.4022552558594954,-0.5583273453269775,0.8930450029222676,3.0,0.0080843537585219,1.0,263.0025,324.12012610716914,2.694307654942788,2,18.908814149503453,18.794489991729225,19609.86041006408,0.4232997351767127,3.790146407835529,4.727862353005698,0.0453881584929261,0.1429973795923488,0.0016977928692699,0.0,0.0203735144312393,0.0084889643463497,0.4166666666666667,33.37607981220658,27.32955140745332,4.415094339622642,1.7588672301332398,0.138049078709666,0.1148644610554144,0.1588541666666666,0.0948453637709622,0.2321428571428571,0.0648686590384673,681.3400354189043,1028.7495370563684,0.0833333333333333,0.1047534504867627,3.3380420436302325,1.5470819615953236e-06,0.1200493100014015,0.6936863767980816,0.1296365717805834,0.8913500876680305,2.0,0.0117520544839151,2.0,hepatitisC_1_of_1
0.0792818209934817,0.1395838815252482,1.835645997159174,1.0225215984887177,0.0579710144927536,0.7021164021164021,5.0,0.102857182170732,6.0,0.925372367742442,0.1845567206863679,0.62254135022383,,0.0,11.17344281150568,0.0699731205284697,0.1272278805741704,0.925372367742442,0.3553556164066008,72.63858695652173,7.185412697431586,0.4210175339988968,0.1699902009623163,0.1447710727798384,0.1103184646335895,5225.72608822655,21664.989246259884,0.8672463768115942,1207953.660267518,3786308.911347398,0.6735449735449734,4.0,0.1500178585422653,7.0,17.298816378254884,0.942819858231694,0.0597657741768046,0.2635293735479155,,0.0,,0.8985507246376812,,0.6268115942028986,,0.5,0.2254543360304934,,,1832.927813540502,,,0.7405582167523053,0.3145576398642526,30.894927536231883,11.209180960842398,17.25,5368.607855075692,446.976875,1377.800504996551,2.707524972781121,1.0269039290324993,4.552003220569495,5.09929584227021,0.1186823726911655,,0.2065217391304348,,0.1304347826086956,,47,6.76595744680851,1.9360736371803229,0.0212765957446808,0.0403999601427816,1338.8380952380955,1487.6035460639107,0.5,0.0150448251316286,0.6328069655797225,0.7820105820105819,7.0,0.0680636642622441,3.0,0.9725766645662676,311.800972875,970.4629074932363,2909.321875,7667.869303071719,1324.2906363224636,4524.2000315238265,1269.885625,4514.286704588325,634.04,2391.5581784044757,0.0534933921204957,0.0455019400594454,0.4239130434782608,0.441281762604941,0.0969371269240754,0.2898550724637681,0.4545191033204957,0.3659420289855072,0.4825683374025947,0.7502645502645503,6.0,0.0836646456490299,4.0,46,2.875,0.1666666666666666,4.6,2.547329756605707,3.2857142857142856,2.0913216810491813,16,5,0,2,0.0,1,276,1.0,16,12,0.6414192476687546,33.31537848682914,,0.2253521126760564,0.1857792104575306,0.6337301587301588,1.0,0.0915568381743693,5.0,0.3875577327385093,-0.0328969001429666,0.6523809523809525,2.0,0.0358463167956705,2.0,2275.281875,5587.011449897244,0.6328069655797225,0,406.6039411330904,1054.5782830168307,,0.0363621553323989,1.1734344569493476,1.6480843950976114,0.1792199365585576,0.2362298527106239,0.0036231884057971,0.0,0.0579710144927536,0.0072463768115942,0.125,1274.9207228915664,4501.106661643324,5.849462365591398,2.2599838233315808,0.1079632998662757,0.0932579591881889,0.0939577792553191,0.0926361112152475,0.3540772532188841,0.1650819770627546,1207953.6602675177,3785267.609495382,0.0625,0.0521802932933872,3.9553825503924216,2.7990220659964254e-07,0.6124422672614906,1.3315377609308623,0.2125783041342782,0.6702380952380953,3.0,0.0312712512775326,1.0,cirrhosis_1_of_1
0.0357251898008349,0.051003272358457,1.913864726539921,1.0112820708524302,0.0119825708061002,0.8134615384615385,5.0,0.1022782283012855,5.0,0.9917635659873448,0.0225359251368018,0.7164361332194807,,0.0,56.939231776313385,0.0978490540338054,0.1214480273191932,0.9917635659873448,0.3847796097577274,263.57489106753815,23.67418971606465,0.4307675123640452,0.0794274493063133,0.1606695505631886,0.1190649144763476,22.688989737000508,93.1161854572488,0.8509537827005271,1186.206739907465,3594.70910340174,0.7775919732441472,4.0,0.152014370450236,7.0,8.306331551219449,0.8779080459548656,0.0954690306721978,0.1901983223554008,,0.2524737980119523,,0.9923747276688452,,0.9564270152505446,,0.5,0.0754863448325508,,,55.55481477590122,,,0.7791283134371737,0.288938674205669,122.49264705882354,19.63430614441948,83.45454545454545,133.99687258584848,15.295454545454543,28.440907637990865,2.7862297879200493,1.0360947429413627,-0.0433455961913945,1.304754286944062,0.1163602682280082,,0.1372549019607842,,0.1013071895424836,,131,9.0381679389313,2.727085173002548,0.0076335877862595,0.0213401129557613,30971.376179376184,64959.76676672616,0.5,0.0269888084422346,1.0545724563724883,0.832166746297181,6.0,0.0405224834114611,1.0,0.9823168676814712,10.998196363636366,20.88328471972131,99.83636363636364,184.59689744265623,47.90568429391959,73.06907242553434,49.87272727272728,78.2509947656781,7.763636363636365,19.307370236636203,0.1193985046072167,0.0902560748098103,0.2745098039215686,0.3566072733587717,0.1550655047144934,0.1775599128540305,0.3823501541181733,0.2875816993464052,0.4528817594952105,0.8452102245580507,7.0,0.0622486417868135,2.0,130,11.818181818181818,0.1416122004357298,8.666666666666666,6.043493155767576,11.818181818181818,9.526995138218364,11,3,0,2,0.0181818181818181,1,918,0.0,11,7,0.6874381195462054,15.029218563799688,,0.1896551724137931,0.1789586706875179,0.6610845676063066,3.0,0.0708481641417852,4.0,0.5132807329824816,-0.0324383058460813,0.6307931199235547,1.0,0.0642574832961946,3.0,92.07272727272726,182.48840560928295,1.0545724563724883,0,15.215891381114515,32.4060446263371,,0.0525160530181245,0.0819707575177241,0.7716067333929304,0.2249163941809968,0.2182159191584723,0.0010928961748633,6.230626536231136e-05,0.0119825708061002,0.0021786492374727,0.1818181818181818,49.91268115942028,77.93733290418938,8.076628352490422,3.009259705124393,0.068709564662724,0.0739060052313477,0.0418426280713263,0.06033482178786,0.3186440677966101,0.1744369781457536,1186.2067399074674,3580.869741576042,0.0909090909090909,0.1063921087951274,3.170808890811607,1.82154123604912e-08,0.4867192670175184,1.2042746021607489,0.1509377402428044,0.6370640229335881,2.0,0.1260485175232381,6.0,heartDisease_1_of_1
0.0184904860189663,0.025692126697872,1.8672320295239224,0.8121399166222726,0.040133779264214,0.7789655172413793,5.0,0.2194202061700482,6.0,0.9055415027672632,0.227050074367873,0.6456285114359896,,0.0,0.7189774290660225,0.0158744612689649,0.0219921619468353,0.9055415027672632,0.5157825340714051,71.37207357859532,3.928396689696065,0.4233620347472168,0.1768674252209026,0.0739360141859545,0.0725620739063649,39329.61073645821,285691.84798749,0.890283046396265,797218044.603491,2761346032.0783734,0.4189655172413793,1.0,0.2236821183097253,7.0,16.976616905263356,0.9536550015619952,0.0796123510577924,0.2349107341116209,,0.1390966844887222,,0.8461538461538461,,0.7525083612040134,,0.5,0.2530449016286307,20493.925730903084,70798.25426672156,10277.645715263545,18510.537946166176,63978.87598668393,0.6731065581886939,0.2747217444895012,30.82441471571906,12.027770477509476,24.916666666666668,102857.95100903753,7636.75,26252.956215789905,2.719433016461644,0.7678735247459054,4.149035247065847,9.989656889946463,0.1231350664632539,,0.1538461538461538,,0.1605351170568562,,41,6.365853658536586,1.867566565894983,0.024390243902439,0.0661761441636989,896.5333333333334,976.120167118826,0.5,0.0172465068582084,0.7147840053712551,0.8089655172413792,7.0,0.10786076895409,5.0,0.9870694958669366,5470.077410000001,18821.04782092941,71540.28333333334,245161.49933080227,22025.76974749165,76000.12949028055,21883.50833333333,75617.12426098227,2107.875,7240.714844559705,0.0533405158295415,0.0806949338673134,0.451505016722408,0.44870393427932,0.1260890185572586,0.3110367892976589,0.4636938739180407,0.354515050167224,0.4791680593853773,0.785632183908046,6.0,0.0802007324435142,4.0,40,3.333333333333333,0.1337792642140468,4.0,2.309401076758503,4.0,2.10818510677892,12,5,0,2,0.0,1,299,0.0,12,5,0.6276735395231443,34.00588624772528,,0.2307692307692307,0.1516536236581552,0.5683908045977011,2.0,0.0523188459102505,3.0,0.4168361747790518,-0.0175583864804817,0.7357471264367816,4.0,0.0484623594636844,2.0,69432.40833333334,237921.15194507936,0.7147840053712551,0,8240.310809328626,28206.67855866413,1.044174180651453,0.0240043246645433,0.9753103816940056,1.7260312942801657,0.2190032565443191,0.2470061368100083,0.0033444816053511,8.688158240687097e-19,0.040133779264214,0.0033444816053511,0.0833333333333333,21324.67539779006,73652.99617136385,5.45679012345679,2.1968692650909465,0.1014623646152203,0.1161000687474368,0.1117092225609756,0.0946139588380458,0.3618421052631579,0.1276117922744802,797218044.6034907,2761345854.0565214,0.0833333333333333,0.1354275097186359,13.398682369879122,9.745151122448354e-10,0.5831638252209481,1.4187491169870727,0.0888321152365283,0.6789655172413793,3.0,0.0161561390988341,1.0,heartFailure_1_of_1
0.0162400988725286,0.049474398736799,2.206813143195355,1.7825577494055926,0.0007219347852244,0.7109855762099,5.0,0.0110765508626192,5.0,0.9996946057571529,0.0008463146097068,0.4761247114390176,,0.0,0.0115590450347359,0.0094371052679544,0.0145308895996681,0.9996946057571529,0.4282327522654668,5036.251323547106,784.6780184562069,0.4945199707318924,0.0251546327925949,0.0943583378214607,0.137112028719504,131.41983923237603,488.6554628717896,0.8875999893178612,33998447.641846485,117773882.31938104,0.4939228758141557,1.0,0.0124728967254418,7.0,31.7263954084385,0.963101571226954,0.0567450295549345,0.4602024803054482,,0.3781188466129044,,0.9992780652147756,,0.9986764528937552,,0.5,0.0145488219928889,41.48039275158764,57.49552104153669,33.695690562321154,41.19569537097477,57.25133577064904,0.8280164842783844,0.2302850714700063,2503.38688184334,398.66654531909546,1385.1666666666667,23321.39413431768,2916.0416666666665,10080.052769654292,3.174997878609934,1.776488659465667,2.3217617216398714,4.5967035360426935,0.176954553278658,,0.2766815064372518,,0.2327036457706653,,4247,19.16058394160584,6.542381159554036,0.0002354603249352,0.000373502318293,771970033383.2787,8133632629118.026,0.5,0.0184810107632933,0.2931503932741654,0.7213936363971858,7.0,0.0083180206660937,3.0,0.9997938730399806,2159.592225,7467.975682610883,5897.166666666667,20186.706862925832,2961.7807118076435,10101.905122604028,2956.625,10086.94694129948,26.25,43.09002204687299,0.0315098703425746,0.0504386258948427,0.5382023823847912,0.4708967120112023,0.1114357771537466,0.3756467332450968,0.4843040118427548,0.4495848874984959,0.4974667875590984,0.7154373556843105,6.0,0.0064058218111001,2.0,4246,353.8333333333333,0.255444591505234,103.5609756097561,95.6067593793681,353.8333333333333,415.7446404472415,12,4,0,2,0.0303030303030303,1,16622,0.0,12,10,0.6929354974015565,69.03561484712343,,0.097560975609756,0.1791998699660652,0.4955472436472152,2.0,0.0122690788043861,6.0,0.2266947408428878,0.0001368366874056,0.507159469243889,3.0,0.0102176749811777,4.0,5870.916666666667,20194.8720514452,0.2931503932741654,0,1687.8162078746598,5829.366791461887,1.020796921358644,-0.000140514330077,0.9680353988944584,1.5703573292622814,0.2301504518791239,0.2313474340933611,6.288121738036848e-05,5.759932176651572e-05,0.0007219347852244,6.016123210203345e-05,0.0833333333333333,2967.006980649689,10120.871460504071,18.162957729895208,6.689926645601653,0.0241819934310331,0.0460417151836319,0.0019520478362693,0.0084569256134657,0.1904242046163443,0.2263491695060733,33998447.64184649,117773882.30652057,0.0833333333333333,0.0861030428670786,1036.6154215383383,6.543502425993235e-13,0.7733052591571121,1.1287286729697976,0.2449877703387014,0.5102875423404413,4.0,0.0001241766309648,1.0,cardioDisease_1_of_4
0.0476326004084017,0.1091548533202212,2.6032333039274143,0.769247108859464,0.0140350877192982,0.712280701754386,5.5,0.009059610166567,1.5,0.8657568614476353,0.3054471866980994,0.4016788656403343,,0.0,11.059430309154004,0.0126483894946345,0.0103397239914743,0.8657568614476353,0.407635518287588,222.5271929824561,31.121553698117907,0.4065133974369008,0.1845344919479299,0.2156623865795465,0.2300172152889461,0.3618553367285892,0.9022644637061868,0.874892856041686,33.27482775480912,93.18980275929864,0.6210526315789473,1.0,0.060886152443604,5.0,16.260534397620226,0.9519104199488616,0.0397974561081505,0.5165105088047466,,0.048929570990044,,0.887719298245614,,0.7929824561403509,,0.5,0.3002102474511307,6.900471993796549,14.034509189664352,4.976412021177231,6.227078985011036,12.29922800503474,0.7244781894664406,0.2797687002259028,90.48157894736842,44.85750837102411,71.25,19.45953889938133,3.6020491376119668,8.660157992075195,3.415747335817471,0.7592236959308468,0.9849071830718568,1.4494708006708057,0.2234358729061355,,0.287719298245614,,0.287719298245614,,128,10.3515625,3.188537155642597,0.0078125,0.0162036204671262,64711.175224775216,109805.38958405115,0.5,0.0220970869120796,0.192386722056213,0.7315789473684211,7.0,0.0262181424227601,4.0,0.9873714989227454,2.64007788241342,6.433097584009683,14.490314907460196,30.63815521100109,7.436298744616916,15.259214559643016,7.373927766856145,15.358014532773517,1.3293866724973218,1.430868875903692,0.0532428295575784,0.0403771664585811,0.4842105263157895,0.4479302781222884,0.1160043605184353,0.3491228070175438,0.4771115519944872,0.3684210526315789,0.482800083700682,0.6228070175438597,2.0,0.0993291681372107,7.0,127,15.875,0.2228070175438596,7.9375,4.611127844681819,15.875,8.356990230596521,8,1,0,2,0.0714285714285714,1,570,0.0,8,6,0.6000969275628556,47.89359422778605,,0.1454545454545454,0.0967303273838972,0.6508771929824562,3.0,0.0746387627585356,6.0,0.1613459111021057,-0.0384087688215906,0.7017543859649124,4.0,0.0184928518138501,3.0,13.160928234962876,29.500933709293538,0.192386722056213,0,2.472451999448668,5.571540834863384,1.204609409705923,0.0377863084911586,0.8685122208962983,0.8559823263736471,0.0718543060284275,0.1727683757449644,0.0026109660574412,0.0101283012960787,0.0140350877192982,0.0017543859649122,0.125,7.402165230000275,15.346193890893602,9.39607843137255,3.415455883401526,0.0584215829198333,0.0967993277655205,0.03533935546875,0.0746390645224202,0.2515290519877676,0.1050976275592126,33.2748277548091,93.15047916869425,0.125,0.0620721604801267,5.508449350752823,2.2260021105449215e-08,0.8386540888978943,0.7350457015615378,0.1649797365433076,0.712280701754386,5.5,0.009059610166567,1.5,indianLiver_1_of_1
0.0450715970060199,0.0847999718224748,1.7126034933374752,0.7799329589512768,0.0477815699658703,0.6665517241379308,5.0,0.1676572053521145,3.0,0.9955504932828472,0.0122484891986384,0.7322434605569006,,0.0,36.20759298738452,0.0801557708552349,0.0803178948768113,0.9955504932828472,0.4559057126202274,66.660409556314,6.1773148843979335,0.4264441433930309,0.089607082981007,0.1633287665496798,0.1428239987379947,16.65958771814001,59.48043707921186,0.860395530412829,747.6552271695066,2013.3940880817731,0.4478160919540229,1.0,0.1925547150844613,5.0,9.439937879926289,0.8839473056850812,0.0847745971371988,0.1779259492747489,,0.2696854783060163,,0.9829351535836176,,0.9215017064846416,,0.5,0.0555066756562818,40.85369544466687,76.47616399874747,68.16048214248028,40.24401527225353,75.24298580788233,0.724581236799699,0.3068658516951276,30.572525597269625,4.955265233165689,20.928571428571427,139.6365270478476,20.61428571428572,41.03870325479553,2.6026924352895824,0.7798850585780281,-0.3722789457836223,1.215067090078268,0.118416097227787,,0.1467576791808873,,0.0853242320819113,,53,6.433962264150943,1.5873227818982618,0.0188679245283018,0.0421290071238193,1093.4730158730158,1177.3978704217036,0.5,0.0400249121426347,1.1560110534355548,0.8196551724137932,6.0,0.1136536291934395,1.0,0.9707975631632284,15.01662,30.791682514932,85.01428571428572,132.56999229517535,52.54758654314968,81.21448233110412,52.271428571428565,80.8033741543339,22.857142857142858,42.31722170402085,0.1054615513307404,0.072351150271978,0.3686006825938566,0.402096661293459,0.1362865751824743,0.2354948805460751,0.4250336539548949,0.1911262798634812,0.3938609740447722,0.8297701149425286,7.0,0.1299934560495202,2.0,52,3.7142857142857135,0.1774744027303754,5.2,3.73571352696584,3.7142857142857135,2.1636355241395626,14,3,0,2,0.0219780219780219,1,293,1.0,14,7,0.6900630175240682,15.239126693353294,,0.25,0.1742763604046429,0.5229885057471264,3.0,0.174447772604373,4.0,0.5361804855283452,-0.1385117462719614,0.5071264367816093,2.0,0.2214478514743888,7.0,62.15714285714286,102.32801491948644,1.1560110534355548,0,13.49681900210528,24.67773125078065,,0.1115998134474239,0.3340844012496897,0.8139294040538598,0.2180848462360383,0.2022001288366738,0.0034246575342465,0.0001997289201299,0.0477815699658703,0.0102389078498293,0.2142857142857142,52.42058111380146,80.93582105608601,5.504761904761905,2.000595149544493,0.1177461051896094,0.1191536828646535,0.0975456957547169,0.0692183064570201,0.3810188415910677,0.1439044653093193,747.6552271695065,2000.2208753192017,0.0714285714285714,0.070018786459691,2.562148425216639,1.336592266051395e-06,0.4638195144716548,1.5444119109221313,0.1400132595199499,0.6320689655172413,4.0,0.1983819472989833,6.0,heartCleaveland_1_of_1
0.1007312420393973,0.1564527876631077,2.999956889152239,4.828610354485454e-05,0.0544815465729349,0.8893170426065163,4.0,0.0273513166222841,2.0,0.95263512240186,0.1219597083408258,0.8872805054322869,,0.0,572.709770674509,0.0504290969546257,0.0358199667615884,0.95263512240186,0.4236029419011261,207.4202548330404,34.97796280264404,0.4283005176361411,0.1342047274862412,0.3773388914212998,0.2641364221849361,671.731943497601,9076.31179501843,0.8163506522438674,15449.163105077376,79713.42265811139,0.8524749373433584,2.0,0.0368931382778303,5.0,3.181301020660791,0.722138123462529,0.2175289549442737,0.0596323082171064,,5.4829862613260556e-11,,0.4833040421792619,,0.0,,0.5,0.1801941709526351,52.45738746365826,166.3000414468642,1013.752058447206,46.843947270961095,146.24248396552792,0.7301425055955969,0.2372032551287393,78.4828646748682,27.986672157112896,18.35483870967742,1075.9356623380545,43.24033416129032,126.60928022392406,3.653143730421624,0.2256181651902684,7.41076825490703,12.60552743489471,0.0114775147265678,,0.0105448154657293,,0.0087873462214411,,22,4.954545454545454,1.2140947137789433,0.0454545454545454,0.1220437292529065,166.17142857142858,97.39510214382824,0.5,0.0642824346533224,3.7007214103360586,0.9647869674185464,7.0,0.0263419662675751,1.0,0.8898909998424764,26.918227164387098,76.79855196645238,273.9859758064517,870.7514599417934,69.05552807050287,196.65790573263567,58.32197151612904,160.12404309211283,15.100722961290325,41.90403791908647,0.2994482811324743,0.2256308034036591,0.0826010544815465,0.3672471337735227,0.0729406990671796,0.0456942003514938,0.2090048132358235,0.2636203866432337,0.440983499905934,0.9437969924812032,6.0,0.0306755296928008,3.0,21,0.6774193548387096,0.0369068541300527,3.0,1.8257418583505536,1.5,0.7595545253127499,31,0,0,2,0.3118279569892473,1,569,0.0,31,29,0.6603163491952275,9.018280545163904,,0.125,0.0009692403806297,0.8892543859649124,3.0,0.0342437797598587,4.0,0.7872666953201745,-0.4877679215812465,0.8946428571428571,5.0,0.0473940997239874,6.0,258.88525284516135,830.8590807216362,3.7007214103360586,0,39.08199948023548,119.94089837260567,,0.4729494816526608,1.6753948231742648,1.2886905497940992,0.0002020200326588,0.0001539065444759,0.0017699115044247,0.0002089407496814,0.0544815465729349,0.0035149384885764,0.064516129032258,60.7367150224772,168.21316373610412,4.093023255813954,1.6302782918784449,0.1578153644192311,0.1349892141835939,0.1811079545454545,0.105909061152988,0.21875,0.0224093296554555,15449.163105077378,61578.98396794089,0.032258064516129,0.1261467136450737,0.8124891865934256,4.6115666553364414e-08,0.2127333046798256,1.0404420551466418,0.2500606944691781,0.6519736842105263,1.0,0.0794604429153531,7.0,wisconsin_1_of_1
0.0923217935345876,0.1850754315226773,1.111550880784924,1.5330298121968526,0.0080840743734842,0.9215850795582996,4.0,0.0007836267569324,2.0,0.3965714260341305,0.8310477620856694,0.4569467797512357,,0.0,3.860587128168932,0.0520794080986036,0.1518984336598052,0.3965714260341305,0.5037594359801225,853.1664308811642,171.58780252636262,0.145615786603824,0.2245514895159031,,,32.06134683145252,259.8212514417758,0.8126477631518738,40568.60139793232,217029.0037268506,0.9646994464249486,7.0,0.0088447354802526,5.0,43.376011929780354,,,0.2150481454739314,,,,0.8962543788736189,,0.8601455133387227,,0.5,0.5962104872898699,0.0,0.0,132.3125037394753,0.0,0.0,0.6680862699690159,0.2040965872004262,125.19277149016438,200.77760237727367,123.7,1314.0286962095654,82.81666666666666,346.6817700898674,1.4989796630306822,1.5190985082985804,,,0.0480436614762397,,0.053354890864996,,0.0719482619240097,,55,8.563636363636364,3.053617383461642,0.0181818181818181,0.0771054508267342,8422.893240093237,13392.466589091118,0.5,0.0642824346533224,0.2639035065785376,0.9366765208822422,6.0,0.0069685185960961,4.0,0.9875187352217668,57.42603999999999,256.0912638776149,162.2,686.3483281732439,79.44701338363423,342.1893867674238,75.5,341.42538438646926,0.0,0.0,0.0091426437883714,0.0234174543157286,0.1290757208299649,0.3148187888965597,0.128364440352004,0.0829964969011048,0.2759141038622291,0.126111560226354,0.3320197887349611,0.430887169231661,1.0,0.039261362694063,6.0,54,1.8,0.0145513338722716,3.857142857142857,1.9944979263017493,3.6,3.3763886032268267,30,19,0,2,0.0206896551724137,1,3711,2.0,30,22,0.2748823658461944,120.57871470380516,,0.2083333333333333,0.3202205889573251,0.7059516563777063,2.0,0.1422077038116219,7.0,0.2088003595250243,-0.0059155179050056,0.9215850795582996,4.0,0.0007836267569324,2.0,162.2,686.3483281732439,0.2639035065785376,0,48.16332178541352,198.9166239282881,,0.0104446750416808,,,0.4024119454074563,0.2652696448510766,0.0002694691457828,5.421741407658576e-20,0.0080840743734842,0.0002694691457828,0.0333333333333333,78.47064810657089,341.8358271411493,7.651376146788991,3.238587217099316,0.066922417188989,0.085934635693606,0.0697953657670454,0.1095472724079329,0.3440882597835137,0.3401391344296515,40568.60139793234,217024.27759112665,0.0333333333333333,0.1250029512632736,14.70478052134711,4.771352364266583e-09,0.7911996404749756,1.641087119318683,0.3314865185068305,0.9215850795582996,4.0,0.0007836267569324,2.0,hypothyroid_1_of_1
0.1880345211011494,0.1873888739273921,1.9965461389543877,0.0064377680049617,0.0660377358490566,0.8572727272727272,6.0,0.1046266702545689,3.0,0.7181384220154764,0.5343073310722671,0.6131455287647106,,0.0,22.67788778200108,0.0740868868200236,0.0224785183340703,0.7181384220154764,0.4463257112934194,47.8066037735849,4.577771476289362,0.2876432907030208,0.2469954076374674,0.4799639852707693,0.3313998382488843,0.0193082095879861,0.0136489443332172,0.8357592093441151,0.0400563416121165,0.0622779892313326,0.7909090909090908,1.0,0.1172848635173553,5.0,4.692887615818999,0.8260444744475395,0.0742174000076934,0.2134958379829019,,0.0446420991363289,,0.7075471698113207,,0.2641509433962264,,0.5,0.4269323961881042,0.0,0.0,0.5594535414070583,0.0,0.0,0.6095283698488648,0.2959645252796983,14.096698113207546,11.04987722161465,15.142857142857142,0.8208215117545197,0.2413571428571428,0.0304466258197772,2.5616575803972323,0.0440133340106176,1.1397997633112111,1.7503416308859323,0.0986265049080032,,0.1132075471698113,,0.1226415094339622,,13,4.461538461538462,1.6132464481796025,0.0769230769230769,0.1184482805365727,89.1047619047619,72.55201798489844,0.5,0.054392829322042,0.6024291272986692,0.8763636363636363,7.0,0.0931245204473018,2.0,0.9078853684585262,0.1568379,0.018947223620098,1.0,0.0,0.4179123989218328,0.2018300402006515,0.4294285714285714,0.252863670214378,0.0,0.0,0.1530269805726314,0.044509732818339,0.2547169811320754,0.3793831681409204,0.1407111747314891,0.160377358490566,0.3686989339060152,0.2924528301886792,0.4570501927646453,0.8472727272727273,5.0,0.1329056501648068,7.0,12,1.7142857142857142,0.1132075471698113,1.7142857142857142,0.7559289460184545,2.0,1.2649110640673518,7,0,0,2,0.5238095238095237,1,106,3.0,7,7,0.4977756224717956,12.047020410931813,,0.25,0.0173194042367487,0.800909090909091,2.0,0.1284541129618774,6.0,0.3759474394441566,-0.311594991582689,0.8018181818181818,3.0,0.0277069804864544,1.0,1.0,0.0,0.6024291272986692,0,0.1997720123269208,0.0131173734717479,,0.2543495874236335,0.2247121646881026,1.170306254159053,0.0057864486130919,0.0068920109382871,0.0111111111111111,0.0116256189054818,0.0660377358490566,0.0283018867924528,0.4285714285714285,0.4198415178571428,0.2382405222072768,3.68,1.8421002506197468,0.1328613305114197,0.1300892807515223,0.234375,0.1484717613968786,0.375,0.0953131966341648,0.0400563416121165,0.0051905071204746,0.1428571428571428,0.2060992630777945,1.5411816202912532,2.3230330178776636e-05,0.6240525605558433,0.5802086552451478,0.1653727632251386,0.8190909090909091,4.0,0.1126074632133672,4.0,appendicitis_1_of_1
0.0131520725325371,0.0423989416230099,2.381858217993793,1.608295280670034,0.0043763676148796,0.8476487761059961,5.0,0.0011571053544428,2.0,0.615695758549295,0.65177843565445,0.3182004980026491,,0.0,0.1787799769253366,0.0048812944962009,0.0080675573196504,0.615695758549295,0.4046578596235198,993.5486187089716,77.89634939312309,0.2504273096154277,0.2541578852427744,0.1151158004268896,0.1494793044553196,30.381200086191537,106.95929634158652,0.8587439046658305,94803.54477633836,378274.7710842942,0.5031506849315069,1.0,0.2880456075461111,7.0,58.24001386031529,0.985955288148159,0.0172663566241439,0.5342357394099608,,0.2148946995872077,,0.9942560175054704,,0.9844091903719911,,0.5,0.4916480956718281,42.26923893603929,65.55628351949512,23.96874089810275,41.65186147896007,64.54387718683753,0.6963788427521751,0.2472669179680045,247.07337253829323,241.5819383653113,228.5,1448.7991488713285,145.106875,534.4447169005572,2.9869822799080907,1.6037811166169165,18.17892116406476,43.74717311066374,0.1322098267268066,,0.1523522975929978,,0.1523522975929978,,521,14.479846449136277,4.543388769942358,0.0019193857965451,0.0049751410696333,13940471.815166231,38240518.34486544,0.5,0.0122148964120517,0.1126583948041958,0.8501160266487012,7.0,0.0103585080940761,4.0,0.9971252406044558,106.466432625,396.384711023884,376.14375,1043.8546373697504,176.2366141274617,523.0524267314925,175.805,527.6086950256474,23.565,34.60519614162012,0.0105716966349973,0.0121132764226475,0.3287746170678337,0.4335105063777812,0.0953310969343063,0.2355032822757111,0.4243709995624836,0.2420678336980306,0.4283937381079873,0.8213938169024628,3.0,0.0167057259019022,5.0,520,32.5,0.1422319474835886,21.666666666666668,13.741927801809505,32.5,26.83530013495905,16,6,0,2,0.0416666666666666,1,3656,0.0,16,10,0.4267677791211607,224.3051993668362,,0.1126760563380281,0.1650761340280848,0.5322486713077327,2.0,0.2282740398143188,6.0,0.1012515569291339,-0.012836854909411,0.8476487761059961,5.0,0.0011571053544428,2.0,352.57875,1045.536241628349,0.1126583948041958,0,85.72938684068029,305.4247612896013,1.0212598014876042,0.0171462721596629,2.3800963746597037,3.5596720829461197,0.2087613586825992,0.2402961662418259,0.0002741228070175,1.6936265924913073e-05,0.0043763676148796,0.0002735229759299,0.0625,175.34612722196903,523.4966274020657,13.494716618635929,4.734308184108612,0.0406206016861818,0.0648638383095709,0.0108530487071529,0.0345606220849427,0.2065122377622377,0.1952818805498936,94803.54477633836,378274.5116331696,0.0625,0.0528525664191355,90.7561051584562,1.6579890687143946e-09,0.8987484430708661,1.3175117407077428,0.1503007325482347,0.8476487761059961,5.0,0.0011571053544428,2.0,framingham_1_of_1
0.0279525559306558,0.0317164532354193,2.5848747761857496,9.931273482259194e-05,0.0419354838709677,0.9516129032258066,3.0,0.1088626705984762,5.0,0.907165767573082,0.2236598890942699,0.9098615165061162,,0.0,331.8774871353115,0.0314812310194568,0.0526137823266428,0.907165767573082,0.5493787271753781,96.2,8.341548539619904,0.415975025079983,0.1592761659528493,0.1184796470413153,0.183584521298201,45.70688374396964,97.56926183351156,0.85512057626057,838.2481773916651,2227.030733619844,0.9516129032258066,3.0,0.1088626705984762,5.0,6.693516401267645,0.8965948385081408,0.1773128797973768,0.0437218850579975,,0.0,,0.0,,0.0,,0.5,0.2509088578403878,,,160.56426867937168,,,0.6506684437240707,0.2668364723131221,39.28306451612903,15.41749152052526,23.846153846153847,175.6551894824294,27.419776835942308,39.57108542184405,3.356511516385226,0.2355634537221428,2.585802827274434,10.466788047768633,0.0,,0.0,,0.0064516129032258,,2,1.0,0.0,0.5,0.2509088578403878,4.0,0.0,0.5,0.0,4.808819411251788,0.9838709677419356,5.5,0.0313492037357274,2.5,0.9648074921956296,19.734281240707062,29.32065102074369,110.94254273723077,126.2019407070824,40.77128919206402,47.42515606449338,39.16435902007693,48.000679111847525,7.600265017461538,23.851838548151864,0.1355290273736058,0.2355657438993986,0.1290322580645161,0.4222409068330148,0.049727733447952,0.0677419354838709,0.2517088480574661,0.0451612903225806,0.2079935113461084,0.9838709677419356,5.5,0.0313492037357274,2.5,1,0.0769230769230769,0.0032258064516129,1.0,,1.0,,13,0,0,2,0.0897435897435897,1,310,0.0,13,6,0.6287993940937805,18.07248082774297,,0.1666666666666666,0.0018502870632651,0.9967741935483873,7.0,0.0102008956779625,1.0,0.8278479792188096,-0.578618687626488,0.9516129032258066,3.0,0.1088626705984762,5.0,103.3422777197692,126.56016655725708,4.808819411251788,0,18.278943218878247,23.369619449378025,1.202353144167554,0.4562683063152107,0.5213842250221628,1.171594776143906,5.2363879541435445e-05,0.0001278451431258,0.0032258064516129,8.68764102263863e-19,0.0419354838709677,0.0129032258064516,0.3076923076923077,39.803432177582295,47.702259924305565,0.6666666666666666,0.5773502691896258,0.5,,0.5,0.0,0.2777777777777778,0.0229601669800716,838.248177391665,2193.248064926603,0.0769230769230769,0.2773500981126146,0.7194059758421542,4.059142096016675e-06,0.1721520207811903,1.1245020246795008,0.0856314559792356,0.6,1.0,0.1639211957002968,7.0,lowerback_1_of_1
0.1067232833602407,0.1777555728531534,2.999956889152239,4.828610354485454e-05,0.0544815465729349,0.8893170426065163,5.0,0.0273513166222841,3.0,0.95263512240186,0.1219597083408258,0.8872805054322869,,0.0,572.709770674509,0.0504290969546257,0.0358199667615884,0.95263512240186,0.4236029419011261,207.4202548330404,34.97796280264404,0.4283005176361411,0.1342047274862412,0.3773388914212998,0.2641364221849361,671.731943497601,9076.31179501843,0.8163506522438674,15449.163105077376,79713.42265811139,0.8506892230576442,2.0,0.0340864031808534,5.0,3.181301020660791,0.722138123462529,0.2175289549442737,0.0596323082171064,,5.4829862613260556e-11,,0.4833040421792619,,0.0,,0.5,0.1801941709526351,52.45738746365826,166.3000414468642,1013.752058447206,46.843947270961095,146.24248396552792,0.7301425055955969,0.2372032551287393,78.4828646748682,27.986672157112896,18.35483870967742,1075.9356623380545,43.24033416129032,126.60928022392406,3.653143730421624,0.2256181651902684,7.41076825490703,12.60552743489471,0.0114880053195319,,0.0105448154657293,,0.0052724077328646,,22,4.954545454545454,1.2140947137789433,0.0454545454545454,0.1220437292529065,166.17142857142855,97.39510214382824,0.5,0.0642824346533224,3.7007214103360586,0.9647869674185464,7.0,0.0263419662675751,2.0,0.8898909998424764,26.918227164387098,76.79855196645238,273.9859758064517,870.7514599417934,69.05552807050287,196.65790573263567,58.32197151612904,160.12404309211283,15.100722961290325,41.90403791908647,0.2994482811324743,0.2256308034036591,0.0826010544815465,0.3672471337735227,0.0729406990671796,0.0456942003514938,0.2090048132358235,0.3181019332161687,0.4661490990542328,0.9437969924812032,6.0,0.0306755296928008,4.0,21,0.6774193548387096,0.0369068541300527,3.0,1.8257418583505536,1.4,0.7367883976130074,31,0,0,2,0.3118279569892473,1,569,0.0,31,29,0.6603163491952275,9.018280545163904,,0.125,0.0009692403806297,0.8892543859649124,4.0,0.0342437797598587,6.0,0.7872666953201745,-0.4877679215812465,0.8647243107769423,3.0,0.0436627337540826,7.0,258.88525284516135,830.8590807216362,3.7007214103360586,0,39.08199948023548,119.94089837260567,,0.4729494816526607,1.6753948231742648,1.2886905497940992,0.0002020200326588,0.0001539065444759,0.0017699115044247,0.0002089407496814,0.0544815465729349,0.0035149384885764,0.064516129032258,60.7367150224772,168.21316373610412,4.093023255813954,1.6302782918784449,0.1578153644192311,0.1349892141835939,0.1811079545454545,0.105909061152988,0.21875,0.0224093296554555,15449.163105077378,61578.98396794089,0.032258064516129,0.1249393939276889,0.8124891865934256,4.6115666553364414e-08,0.2127333046798256,1.0404420551466418,0.2500606944691781,0.6221491228070175,1.0,0.023574986396278,1.0,breastCancer_1_of_1
0.0061204084103566,0.0115679742184852,1.3140777340806709,1.541407687647237,0.0008536345131,0.9143739058483884,6.0,0.000334674717734,3.0,0.4216993153751426,0.8143390673706238,0.3314310106811126,,0.0,1.6744651396962835,0.0130681974710635,0.0147933499654549,0.4216993153751426,0.414986591682561,3640.082080241644,549.2665501975712,0.1404218719734655,0.238534377228736,0.0514183358511175,0.0554175390140587,174.49403197220676,967.352021757526,0.8151546058860817,653648720.1941842,2356763963.700245,0.4495132454359479,1.5,0.2804293294895395,7.0,53.00644937643343,0.9867704193807256,0.0146671165952083,0.3882310849835458,,0.5312733686695624,,0.997964410007223,,0.9965854619476,,0.5,0.5860131778419736,9076.119833288256,32714.032633623086,3454.3919842560863,2235.838278017152,8051.290898951545,0.6384040703651194,0.2637055048199475,498.9604947796966,761.9023078147229,1171.4615384615386,106306.29961993505,12281.504615384616,44278.12133183773,1.727821426690357,1.5439863847815511,5.922688898242965,8.318159225451867,0.0788725579144777,,0.0856261080832622,,0.0856261080832622,,1870,17.025668449197862,5.418433942152231,0.0005347593582887,0.001412086562696,1101272785.8302577,4525510503.107693,0.5,0.0665512264646162,0.1234017691022079,0.9082676662614332,3.0,0.0064481540856093,5.0,0.998427056051898,9113.843281846152,32858.362342366214,24606.85923076923,88685.48968324868,12321.062143834888,44412.910856596725,12380.02,44626.2032335473,2.6215384615384614,6.445827909267935,0.0079556227654559,0.0069914101315034,0.1969925799461553,0.2859716026375901,0.195271641268319,0.1364501937093702,0.343277258447244,0.1640948190951474,0.3703737531733914,0.9141768830624252,4.0,0.0003215405496685,1.0,1869,143.76923076923077,0.1227263773064547,62.3,43.310546617144674,143.76923076923077,258.82367030024966,13,10,0,2,0.0,1,15229,0.0,13,10,0.2922996914963393,164.17597337401625,,0.1756756756756756,0.2767545928438722,0.4495132454359479,1.5,0.2804286462157354,6.0,0.1098465148411038,0.0007868575677737,0.9143739058483884,6.0,0.000334674717734,3.0,24604.23769230769,88679.96683801328,0.1234017691022079,0,7091.744373910288,25566.296930856795,1.01576973996438,-0.001929408168084,1.854786328623507,1.8945701428991992,0.3884718163947331,0.212197064628172,0.0001045587620242,0.0004014894149532,0.0008536345131,6.566419331538512e-05,0.0769230769230769,12336.016049391026,44467.21982966182,16.03048943567799,5.592227948751787,0.0339711262822606,0.0526354303892522,0.0040108981477544,0.0142817459838706,0.3446327683615819,0.3092115194555685,653648720.1941842,2356763963.6976137,0.0769230769230769,0.1238521033169274,46.06499356253328,3.211176232061063e-13,0.8901534851588963,1.351112769816038,0.2879603968763101,0.9143739058483884,6.0,0.000334674717734,3.0,heart2020_1_of_21
0.0305188541389657,0.0430737675965531,1.2806871498970838,0.8570166617285822,0.0262725779967159,1.0,6.5,0.0,1.5,0.8758037157279309,0.2864568173312819,0.8458905032919787,,0.0,0.7712362900652262,0.1381840606598483,0.1302138844262993,0.8758037157279309,0.5029061814197837,84.43493431855501,6.239115714675156,0.2451485308033283,0.157257617592128,0.1524827676234117,0.1519506456421067,0.9806305229669005,3.3168964136998054,0.8354831043125054,2706.699859832772,10799.37149202141,1.0,6.5,0.0,1.5,5.611145857037872,0.8266582168789125,0.1877795701016618,0.0766679314867385,,0.0,,0.0,,0.0,,0.5,0.2891126248201155,1.764247081388468,7.056988325553872,16.233016720829248,1.6867830035466511,6.747132014186605,0.6893054108247667,0.2470068923882652,29.97906403940887,13.926938351579226,38.0625,245.40267527897828,24.6875,91.33580440696116,2.0004080016179357,0.804871314542956,-0.8002482025589731,2.01389832246954,0.0,,0.0,,0.0065681444991789,,2,1.0,0.0,0.5,0.2891126248201155,4.0,0.0,0.5,0.0,2.515318359927453,0.9539617486338796,4.0,0.023166380787719,5.0,0.8468781091509137,17.698537499999997,67.66997156091097,49.375,175.0069998600056,24.329946633825948,86.81229396005757,22.875,81.63812426393281,1.0625,4.25,0.1560828640070797,0.2145586319606874,0.0804597701149425,0.2245182099161304,0.1512263547962079,0.0426929392446633,0.2023301089626229,0.2627257799671593,0.4404764824455326,0.968743169398907,5.0,0.0165601721747548,4.0,1,0.0625,0.0016420361247947,1.0,,1.0,,16,13,0,2,0.05,1,609,0.0,16,3,0.6070608762807391,7.205174591356765,,0.32,0.2339157099060711,0.5022677595628415,1.0,0.1812944440837121,7.0,0.715530743559557,-0.0221683622460249,0.7044262295081968,3.0,0.0015552185213943,3.0,48.3125,174.96388913144335,2.515318359927453,0,14.127517365365788,51.713189682314095,,0.0215323482556654,0.3479497756942415,0.963177133361638,0.4124585700757576,0.1872226178328934,0.001669449081803,0.000230983287718,0.0262725779967159,0.0016420361247947,0.0625,24.02060626702997,86.0976221821669,0.6666666666666666,0.5773502691896258,0.5,,0.5,0.0,0.4521276595744681,0.1617043985965459,2706.6998598327714,10799.362697612436,0.0625,0.25,23.289534617012944,3.1948829040992066e-08,0.2844692564404429,2.046404163661982,0.1463889556083206,0.6727595628415302,2.0,0.1016940110933929,6.0,autism_1_of_1
0.1745514533969117,0.2195999356554128,1.8167529970719989,0.4009635239557063,0.0555555555555555,0.7036363636363637,3.5,0.0371629326466809,1.5,0.9172343214801156,0.1050572038313509,0.5929109206804892,0.3158893522393755,0.0,24.10694793035893,0.2622912959755787,0.1805070889135155,1.834468642960231,0.2164147478457408,38.08101851851852,1.8393666066536467,0.6157864044793738,0.1518857139329049,0.4009526898526008,0.2890563197562378,135.8268345448252,161.07687742036876,0.8933887158186223,543.2493110361138,655.0337882496625,0.9727272727272728,7.0,0.0439132628672407,3.0,3.101483227385489,0.5742514189066608,0.3215931292457488,0.0436174822406372,0.0321622847848484,0.0004221944985394,0.0010341610936318,0.0238095238095238,0.0583211843519804,0.0,0.0,0.25,0.139197188688638,45.77258448107784,61.65379475234858,106.13067314570893,42.493980987243525,60.96702437119024,0.7970860982225682,0.3283061181780888,25.71064814814815,5.264766953180829,18.0,82.10190695622785,32.69166666666667,22.712120479309423,3.0597405619589284,0.466869657917239,-0.9929166090308742,0.6768684641695611,0.0004673046249177,0.0011446578854911,0.0043859649122806,0.0107433760648384,0.0034013605442176,0.0083315977645686,7,3.857142857142857,1.9518001458970664,0.1428571428571428,0.1556599758706546,38.40000000000001,26.95609599165115,0.25,0.1367753011080482,10.98642794794881,0.8790909090909091,6.0,0.0632818407462024,5.0,0.944272976680384,24.09225,17.17353888466207,97.86666666666667,72.67810307559401,57.86466049382717,57.70330985821195,58.03333333333333,60.92902975320276,24.15,47.195073895481926,0.5914810780733013,0.4639409349112732,0.3703703703703703,0.3779957676310531,0.1472458591884229,0.2314814814814814,0.4237456802411304,0.3796296296296296,0.4875571874934232,0.8618181818181819,5.0,0.0873862897505302,6.0,6,1.0,0.0555555555555555,1.0,0.0,1.2,0.4472135954999579,6,1,0,4,0.2666666666666666,3,108,0.0,6,1,1.2715567676935131,2.0715318958129907,,0.2727272727272727,0.0840274478898627,0.6854545454545455,2.0,0.0610889850586868,4.0,1.2542022453029809,-0.3567397450247578,0.7036363636363637,3.5,0.0371629326466809,1.5,73.71666666666667,45.508259323629005,10.573516936067003,1,20.14286512643997,12.845900304805232,,0.116462089211837,0.0884729786910322,0.3798949054576634,0.1094324800216714,0.1918630846044652,0.0093457943925233,0.0008951263787459,0.0555555555555555,0.037037037037037,0.6666666666666666,57.25530303030303,58.047936428039534,3.230769230769231,1.9644272343292228,0.1332356597885714,0.1274951764013882,0.28125,0.17860862707794,0.4,0.1139442751237403,543.2493110361139,416.02816177840606,0.1666666666666666,0.2907965768901908,2.3625226596244038,6.322843470891287e-05,0.0594213826019415,0.7512205456238656,0.0598693622766108,0.4063636363636363,1.0,0.1265527978828373,7.0,obesity_1_of_1
0.0619463732747711,0.1142446003132955,3.047645143722872,1.8039529412868056,0.0129191863661352,0.949975218080888,5.5,0.1176664310436496,5.5,0.8527628054289577,0.329253388300104,0.81481776079365,,0.0,22025.949594862766,0.0134815332356764,0.0375524509324187,0.8527628054289577,0.3936985045828923,1435.4880890513332,413.5467139319125,0.401413060108554,0.188417914373444,,,0.7513548682783865,8.933056898436302,0.8628752979652731,93872.03968235374,1287108.166901912,0.949975218080888,5.5,0.1176664310436496,5.5,14.252923113866991,,,0.0922501254802944,,,,0.0,,0.0,,0.5,0.3139025430501028,0.0051914538096863,0.0711816283862909,7276.000047105745,0.0051878343631936,0.071132001036295,0.6462482296089346,0.2838817157499217,583.7172874379381,330.0989687530326,77.40425531914893,7276.001029548161,38.85694837236441,530.6088370159692,3.840577218387606,1.7740083106210864,,,0.0004957558257218,,0.0014431006047278,,0.0054288070368334,,2,1.0,0.0,0.5,0.3139025430501028,4.0,0.0,0.5,0.0,1.9755527099028964,0.9457747535969184,4.0,0.1164113458987221,3.0,0.994522812882224,28.78549428182273,393.3689125785864,78.35747991898593,1061.1704695872709,38.87243238165544,530.6077071116077,38.82461547332896,530.6112128801891,0.0033203588521226,0.0455264668790745,0.0598307307642237,0.0642128735704159,0.0598543155579989,0.3076405266905943,0.1010833630685288,0.0199285321605277,0.139759536481362,0.1343457943925233,0.3410351804335669,0.7521680166912125,3.0,0.1673854895019591,7.0,1,0.0053191489361702,6.871907641561298e-05,1.0,,1.0,,188,0,0,2,0.1941062692001365,1,14552,1.0,188,185,0.5910901342694712,49.93778907252183,,0.0626875625208402,0.1278657450099709,0.9500438993995696,7.0,0.1176086380218983,4.0,0.6639279833047778,-0.5790877704684938,0.7223749575167101,2.0,0.0007086104438073,2.0,78.35415956013381,1061.1707139065902,1.9755527099028964,0,22.50330246209873,306.3738281310125,,0.5204632316601934,,,0.0070856432374447,0.0732020489883688,6.874742197167605e-05,1.6113810680140411e-06,0.0129191863661352,6.871907641561298e-05,0.0053191489361702,38.835324523612535,530.6104278404928,0.6666666666666666,0.5773502691896258,0.5,,0.5,0.0,0.1177149122306101,0.1625110849123445,93872.03968235374,1287108.1610331018,0.0053191489361702,0.0729324957489472,0.5000015927535081,5.807027242339227e-12,0.3360720166952222,3.020110907811022,0.6286856215552972,0.7219626335863449,1.0,0.0003303056241398,1.0,heartBeat_1_of_1
0.5788937708210733,0.367137793334767,2.9920159426137,0.0238866045661777,0.0142857142857142,0.3857142857142857,3.0,0.0107134691700087,5.0,1.0000000000000002,0.0,0.8956579042021925,0.174892659685697,0.0,3.480409074238414,0.3910711089615853,0.1482557201014053,2.321928094887362,0.1355090197164828,228.8984126984127,22.53974248998031,0.6601959495145996,0.0543707865775784,0.7239909359744213,0.388924472308179,40.51420402755696,47.10456801171129,0.836333812804401,3757.090658187599,11016.094924918514,0.9857142857142858,5.0,0.0138983339011256,6.0,1.3658499586000212,0.1565408851592711,0.315586247861875,0.0362671625537174,0.0351633082852792,0.0,0.0,0.0023809523809523,0.0038336975519019,0.0,0.0,0.2,0.0,48.46714989340746,39.9743805519701,16.748215083727676,47.84643909119871,39.78184840723432,0.8290342811459135,0.3448265167912109,166.49126984126983,22.495306725993878,70.0,217.69612738402716,46.388888888888886,101.12099119921196,3.613956362963729,0.6327331419689388,-1.0249388013192773,0.3371584429064788,0.0,0.0,0.0,0.0,0.0,0.0,7,3.4285714285714284,1.3972762620115438,0.1428571428571428,0.0965082845997621,26.8,12.98546195644276,0.1999999999999999,0.0782460796435951,346430744221417.0,1.0,6.5,0.0,1.5,0.83236079617032,34.14987893333333,75.17614842345637,130.33333333333334,190.9063906735445,84.44444444444444,93.10746628373998,84.05555555555556,93.36268139775002,38.0,34.18698582794336,1.699987674537333,0.6279588144313427,0.0126984126984126,0.0556108611149772,0.0256351603715306,0.0,0.0,0.3825396825396825,0.4863934574006159,1.0,6.5,0.0,1.5,6,0.6666666666666666,0.0095238095238095,1.2,0.4472135954999579,1.2,0.4472135954999579,9,0,0,5,0.7777777777777777,4,630,0.0,9,0,1.6094379124341005,0.7600221386475665,,0.125,0.0128062434870405,0.5587301587301587,4.0,0.0818995664376268,7.0,3.300574652675266,-0.0180742250173965,0.1968253968253968,1.5,0.0081967901507035,3.5,92.33333333333331,201.90034670599252,346430740566960.25,0,26.88266182126152,58.42700399250504,,-0.0206083337738261,0.015830362230001,0.3561582073257622,5.310163877094157e-05,0.000133637319904,0.0021008403361344,0.0016222983575955,0.0142857142857142,0.0015873015873015,0.1111111111111111,84.35185185185185,93.24804304039952,2.769230769230769,1.5358952955766088,0.190604582611146,0.153253375940726,0.3125,0.1288470508005519,0.21875,0.0644948941442847,3757.090658187599,11014.543110605966,0.1111111111111111,0.1308527680857339,15.040600960877264,7.547584173014564e-07,4.890815994788735e-23,0.7673176498043582,0.0517926204341225,0.1968253968253968,1.5,0.0081967901507035,3.5,stress_1_of_1
0.04372910336914,0.0537864489902716,2.725286548809613,1.186101318823753,0.0103480714957666,0.7632009035344139,3.0,0.2225492962199245,7.0,0.6146547681568845,0.6016117175279002,0.6695668043754095,0.1805748541591608,0.0,101.21549305131754,0.0364865837285195,0.0502672123071317,0.9742047584181182,0.47463044387337,709.0672624647225,91.19938025516348,0.3500507633662155,0.2788707385870096,0.2292682777398431,0.1931076292309431,105.00344896555858,383.93749748183336,0.8502980465939903,17358.193116824477,80312.455229581,0.6559992027637522,2.0,0.1569155691315099,5.0,8.091502090781228,0.8893835103765622,0.0919078446410739,0.0997340547293115,0.0507422299624979,0.0001728387375152,0.0002993654748925,1.6812160557470452,1.458595135186733,0.4241390067842495,0.1830913670572026,0.3333333333333333,0.3865031731877235,,,83.83411252564419,,,0.649747444820222,0.2250343599597014,229.77257761053625,174.2762092838967,96.63636363636364,811.483484861814,61.21440909090909,224.3031754346397,3.5790928017971955,1.1432507689574187,20.19092642317541,63.93330558447528,0.0395413893488028,0.0326164237722812,0.0526291478599743,0.0439962089073962,0.0597531673572401,0.0449305558845798,117,9.461538461538462,3.2364797328282404,0.0085470085470085,0.0458623430322389,58218.30149458384,145882.6358276034,0.3333333333333333,0.180906072551425,2.1600231132335765,0.867842590131987,7.0,0.062035626291522,3.0,0.9638943634736882,44.72087683636364,166.51969174106532,179.60163636363637,443.9994782782805,91.99563749679297,224.66231156851876,90.89118181818183,225.087406039486,22.827272727272728,39.13844999994594,0.1203985054305361,0.0825762039220242,0.147695202257761,0.2552933528581757,0.1645130075096027,0.0766698024459078,0.2661293999288732,0.3142050799623706,0.4643077106377959,0.7906989104437949,5.0,0.1026890071671488,4.0,116,5.2727272727272725,0.0545625587958607,6.823529411764706,4.475423082201937,5.523809523809524,3.586349782425686,22,1,0,3,0.0995670995670995,2,2126,0.0,22,16,0.6752672815856012,21.635551322370578,,0.1105527638190954,0.1269107038790537,0.4303215519532288,1.0,0.1821532756789476,6.0,0.929246688997598,-0.0953321847481746,0.8175546992647711,6.0,0.0340812480214498,2.0,156.77436363636363,445.2762405379111,1.7443241758756174,0,37.8187381689439,129.17588517450105,,-0.0347851019318141,2.013915207773007,3.981655750731353,0.0670873256327596,0.1227526357769339,0.0004721435316336,2.8860214463598896e-05,0.0103480714957666,0.0004703668861712,0.0454545454545454,91.11588251638642,224.98794541568685,8.506437768240342,3.465495152551871,0.059116753100301,0.0760075334760932,0.0435171534872462,0.0685857512737321,0.1983140372405698,0.1463425324397046,17358.193116824477,80290.8398379473,0.0454545454545454,0.0682380342282216,10.207292152688032,9.625634439224343e-10,0.257391192754722,1.1072769844813666,0.1620904452663246,0.780822039153158,4.0,0.0069686605543863,1.0,fetalHealth_1_of_1
0.0944128278350821,0.2002765353021829,2.060572998662462,1.4621335178403505,0.0047036688617121,0.7784657631322526,4.5,0.0041709709774691,1.5,0.6146547681568845,0.6016117175279002,0.5612503718213835,0.12194776707892,0.0,100.4363877006014,0.0945511585676349,0.1584685467190301,0.9742047584181182,0.4436666327333241,1020.1453433678269,62.03025623753143,0.3568664887456122,0.275183096602328,,,160.1428696241369,586.3108203324055,0.8598094184051795,37843.272365757286,119124.97257561388,0.208167242448401,1.0,0.2299825218243726,7.0,11.078969135152072,,,0.1954458752660497,0.0804366667218619,,,1.7411327433228383,1.447190553590686,0.7678974362542216,0.1438675186989904,0.3333333333333333,0.3865031731877235,26.58778824647693,56.05197920341426,60.88060817824643,26.51438534843664,55.897232306971325,0.6434857564796282,0.2578944926934922,365.5700846660395,273.19137920890444,212.6,797.5089959386285,110.35,334.5929575203612,2.94684495877292,1.4163510226763747,,,0.0837197424056485,0.0484180900159768,0.1064168911368763,0.0520310939311254,0.0770080840791565,0.0482096664263937,232,10.387931034482758,2.765813413695691,0.0043103448275862,0.0236868240034406,100431.58530358532,178896.9232740443,0.3333333333333333,0.142589264585208,1.0132509788210282,0.8283328904243069,7.0,0.0654640998674751,4.0,0.9757652643568098,81.32061,248.3373563164451,307.9,661.5113083773482,134.44308560677328,330.61766746246553,133.25,331.1157275032402,21.2,44.69352426371309,0.08793279830766,0.0667941402655052,0.1848541862652869,0.2150188277519381,0.2118110150804421,0.1006585136406397,0.3009468024758279,0.3245531514581373,0.4683178033539819,0.8062981663566303,6.0,0.1113586645961462,5.0,231,23.1,0.1086547507055503,14.4375,10.05298463144155,25.666666666666668,29.593073513915375,10,1,0,3,0.0222222222222222,2,2126,1.0,10,6,0.6752672815856012,22.433497378906456,,0.1428571428571428,0.2014266595998144,0.2476791567012135,2.0,0.2199378817418259,6.0,0.6448752176348169,-0.0894726690873062,0.7737709274515014,3.0,0.0166626407393486,3.0,286.7,668.2532869769931,0.7218548476712715,0,68.010348777837,192.1164716891936,,-0.0437390811020293,,,0.1913502870813397,0.3220643490850693,0.0005154639175257,0.0004211110895915,0.0047036688617121,0.0004703668861712,0.1,133.52288401253918,331.01848250334154,9.412526997840173,3.061493617102538,0.0642232845911183,0.0693355862916308,0.0243807825548895,0.048230463306598,0.2545968882602546,0.2291248116974346,37843.27236575729,119109.78726019358,0.0999999999999999,0.1051518490283185,13.69983745739878,9.403186671496466e-10,0.4497218425845802,0.595735787446277,0.1151712691649314,0.7784657631322526,4.5,0.0041709709774691,1.5,fetalCardio_1_of_1
0.0142904820644723,0.0402860959757773,0.9087000677237372,0.7909175424050953,0.0315126050420168,0.8204276315789473,5.0,0.0347663635242797,5.0,0.8560798057592242,0.323255271833847,0.7368212330970327,,0.0,0.0661694151379519,0.0462021623841559,0.0861810431654096,0.8560798057592242,0.5238807327635653,107.1328125,16.410847382370978,0.3485276435403561,0.2161021842631483,0.0883772424285291,0.1008162119724672,0.4488196452439333,3.912913761797424,0.8489471498378531,2521.4176885633774,13803.239914887852,0.7157894736842105,2.0,0.1616786633705542,6.0,24.79705441543971,0.95354865978,0.0860838592614797,0.1455058015787949,,0.0,,0.9705882352941176,,0.9254201680672268,,0.5,0.3104733556050177,1.0684168159131342,4.729361073450034,5.106726068351919,1.0469217182399355,4.632929141982346,0.6976440384682925,0.2400566729564759,37.01017594537815,19.510219225515783,31.73333333333333,315.8980649977595,16.55,86.69291324495072,1.7302564260034017,0.7915564376517518,12.68427249100484,43.45710712401608,0.0991854892284493,,0.0945378151260504,,0.0714285714285714,,91,9.043956043956044,2.808368794680515,0.0109890109890109,0.0302575744008853,15495.414629814624,21952.031732699324,0.5,0.0233112125665895,1.1877315623604048,0.8928947368421053,7.0,0.0263396273612419,4.0,0.9715492814772968,12.009059999999998,64.38220631383842,34.8,173.241191247427,17.343139175501427,86.66659796114796,17.283333333333335,86.67295677881081,0.6333333333333333,2.809875851145487,0.03452344747956,0.0615345556391107,0.1523109243697478,0.12878922986434,0.1699902078504223,0.0672268907563025,0.2505461521036807,0.2836134453781512,0.4509883640037411,0.8362061403508771,6.0,0.0252362325549853,3.0,90,3.0,0.0945378151260504,6.428571428571429,3.610120085671256,3.75,6.414996018162714,30,26,0,2,0.0114942528735632,1,952,0.0,30,18,0.5933893036963118,25.32124350448325,,0.3703703703703703,0.3200439423720424,0.4462061403508771,1.0,0.170252125463447,7.0,0.5429055295426318,0.0077868041140388,0.7195394736842106,3.5,0.0048225673710187,1.5,34.166666666666664,173.25247340292108,1.1877315623604048,0,9.758774090645597,50.09835860217572,,-0.0076854467622934,2.105628881170274,3.220236221229277,0.4409601329334942,0.152726994626907,0.0010515247108307,3.4062207727180746e-05,0.0315126050420168,0.0010504201680672,0.0333333333333333,17.25734585386484,86.67732604122006,8.099447513812155,3.055241347760145,0.0708804178778362,0.0942468033189557,0.0511125837053571,0.0830623717391057,0.4747993579454254,0.2355696068446497,2521.417688563377,13803.223095852703,0.0333333333333333,0.0667953033525585,92.45973384189745,9.967761955581111e-09,0.4570944704573682,2.532477062562928,0.2201522861313171,0.7195394736842106,3.5,0.0048225673710187,1.5,diabetes2019_1_of_1
0.0342914474715184,0.152542691054813,0.853691786035106,0.954002721334044,0.0617021276595744,0.7787234042553193,4.0,0.2142266643748827,6.0,0.6071716548713029,0.6604002425712553,0.3577061138297838,,0.0,2.631339411099504,0.005892556954923,0.0063831053432898,0.6071716548713029,0.4106245804533686,79.46595744680852,16.3883595753738,0.2469334430005058,0.2562826593380499,0.0630617654324474,0.1082814152065237,45.91342618674448,915.5167482581304,0.8381345551875878,1279.736422522279,6849.873765569932,0.6148936170212765,3.0,0.2556046473121705,7.0,125.6525317658122,0.9938192238999126,0.0062493056681776,0.4647220498793801,,0.0,,0.9234042553191488,,0.8617021276595744,,0.5,0.4964792293437461,8.348363441496716,33.929874917931805,40.41695700411368,4.704223439194136,16.893895262362115,0.6880054936740064,0.2591425713760342,19.026063829787237,19.78264341813104,16.20689655172414,222.0691997927212,16.873362068965516,60.31956931284771,1.4560312927090058,0.9528219674841304,50.28857148483266,106.36530740567524,0.1269718086049576,,0.1489361702127659,,0.1489361702127659,,80,10.4625,4.197478899759242,0.0125,0.0226043431534835,196494.3991503509,531652.8536802987,0.5,0.0883883476483184,0.146728056262722,0.827659574468085,5.0,0.0234149986088215,3.0,0.984363965595292,12.378176275862067,44.85383868516988,39.4,121.14379590269692,18.808118855465885,60.98500565092461,18.708965517241374,60.99312293464072,0.8413793103448275,3.893518170478001,0.004832148197403,0.0039929473499112,0.3361702127659574,0.3854686850585944,0.1735350753637282,0.2340425531914893,0.4238500538178555,0.2680851063829787,0.4434341574760712,0.2212765957446808,1.0,0.0822205772833443,4.0,79,2.7241379310344827,0.1680851063829787,4.157894736842105,2.386609819963988,3.761904761904762,4.592436846650827,29,24,0,2,0.0172413793103448,1,470,0.0,29,21,0.4208593206899597,175.66920615015522,,0.3493975903614458,0.3489855370600596,0.351063829787234,2.0,0.1898405505577896,5.0,0.1279536638712062,0.0070320265806977,0.851063829787234,6.5,0.0,1.5,38.55862068965517,120.78497505082971,0.146728056262722,0,10.32871372279978,34.85611688749249,,-0.0121656760599051,4.3457798039496645,5.8527877619529525,0.4139701337757482,0.1894668803397503,0.0021367521367521,0.0001389404596899,0.0617021276595744,0.002127659574468,0.0344827586206896,18.70681829298117,61.00604898537969,9.534591194968554,4.335283376213587,0.050187267432333,0.0838737462308775,0.0496326446533203,0.0943843798678703,0.4618204031765424,0.2861991515558281,1279.7364225222802,4755.265517623111,0.0344827586206896,0.0546678926586433,8.056946671650234,1.279950787732029e-07,0.8720463361287938,1.9961842586294465,0.3173284423512353,0.851063829787234,6.5,0.0,1.5,thoracic_1_of_1
0.4635530619507934,0.2385211434454924,1.5557005411186982,0.0680944233037772,0.1034482758620689,0.9666666666666668,7.0,0.0702728368926306,1.0,0.912441179764541,0.2125398512221041,0.9263823108441812,,0.0,109.22679187229144,0.4006430642651418,0.1508268324147561,0.912441179764541,0.2710168134507605,22.71120689655172,3.370831318978188,0.2108190177222459,0.1955564451123162,0.5902271881430852,0.2973043768272552,1.828235582865504,3.5510880699693548,0.8354506957047791,47.72334621959413,116.71230309152104,0.95,4.5,0.1124914262850921,3.5,1.2889958037216798,0.4814698163090028,0.3084284173369021,0.0364454500611077,,0.0,,0.0,,0.0,,0.5,0.2438299245470853,0.1259928844251791,0.3086182780631427,29.0608118960997,0.11170405391299,0.2736179342871682,0.6727505768888907,0.3117524650951057,7.728448275862069,3.452778083989424,9.666666666666666,29.07995801575614,5.120195021490574,11.459321238177829,1.7602719379637943,0.2836227120052247,0.5060753253733828,2.6599945531685067,0.0,,0.0,,0.0,,2,1.0,0.0,0.5,0.2438299245470853,4.0,0.0,0.5,0.0,6.051399774830975,0.95,4.5,0.1124914262850921,3.5,0.5496432818073722,3.664812578802026,8.737015684396576,10.677833333333334,22.698791777684264,5.146146420093825,11.444646281330716,4.9499559949386365,11.540587133878493,0.0713333333333333,0.1747302683185334,0.707869782919445,0.2774333287150957,0.0689655172413793,0.0735521986559365,0.0553414860170956,0.0,0.0,0.3103448275862069,0.4666753088820376,0.9333333333333332,2.5,0.2108185106778919,6.0,1,0.1666666666666666,0.0172413793103448,1.0,,1.0,,6,0,0,2,0.6666666666666666,1,58,0.0,6,2,0.6324560311805818,1.197721358725854,,0.3333333333333333,0.0714560444373571,0.9666666666666666,6.0,0.1054092553389459,2.0,0.8581841858450054,-0.6223169619137716,0.6666666666666666,1.0,0.2357022603955158,7.0,10.6065,22.73191266699747,6.051399774830975,0,3.178061204814992,6.71922077607611,,0.5476712649449722,0.9313325921007704,1.130526397219194,0.0565207623956484,0.1298941136130819,0.0178571428571428,0.0046079524467659,0.1034482758620689,0.0172413793103448,0.1666666666666666,5.049483970078021,11.49179204438943,0.6666666666666666,0.5773502691896258,0.5,,0.5,0.0,0.4444444444444443,0.2146499963893478,47.72334621959414,116.32321244083894,0.1666666666666666,0.408248290463863,0.5036183750312561,4.652542203190163e-05,0.1418158141549945,0.559629752178383,0.1892578788314839,0.9333333333333332,2.5,0.1405456737852613,5.0,preterm_1_of_1
0.0553600025897839,0.1339297938009958,4.533562285739525,0.2750712511363166,0.0019663925634608,0.8772473682828121,5.0,0.0530807003472721,4.0,0.4857318222603961,0.76770759779584,0.6548425245249111,,0.0,189.5811631269353,0.0035820882517863,0.0029105584825434,0.4857318222603961,0.4479090256339115,7283.524892742223,892.9929028235136,0.1843563649486753,0.2444105586595618,0.19361218196416,0.2233052459907202,2817.310571316181,24415.37477705616,0.8223174436309356,25884328.76493795,148688697.60354584,0.8395793298837708,3.0,0.0966901528477017,5.0,10.363731017756486,0.971380898388823,0.0298369842474899,0.1115663567119727,,7.889570914958561e-05,,0.9800977237516386,,0.9319508997735668,,0.5,0.5581180087949594,,,10061.874464251508,,,0.6171463727443688,0.1923077486495659,1245.2274013824335,1653.330634372742,508.54545454545456,35088.96645077358,1555.8562700150696,8844.368424818602,4.97242567602034,0.2739223413125103,18.821217874877394,49.78291235014015,0.0434491582385913,,0.047968061017757,,0.0775831247765462,,288,13.385416666666666,6.812117393277287,0.0034722222222222,0.0269890991326964,1480508324.607205,9345810490.547132,0.5,0.0245523187911995,0.7507576944395205,0.9396957153535828,7.0,0.0246177796041502,2.0,0.9848333550422425,1152.2303775657883,6553.205531913005,3320.0449319579825,17489.023850197507,1558.2901374152184,8717.175964436745,1556.665951736362,8724.421777609126,1.584975481124252,7.734944624004849,0.0468684319795812,0.0359871541868199,0.0272315576212608,0.1966228763035374,0.1036597884126143,0.0120962936479561,0.1093191906356838,0.1559408890477893,0.3628101042741493,0.9158020517065256,6.0,0.024318691410737,1.0,287,8.696969696969697,0.0171016565367655,8.696969696969697,7.852089087007548,8.696969696969697,4.2388445395299685,33,0,0,2,0.106060606060606,1,16782,0.0,33,31,0.336683643108038,95.72954895769976,,0.0418250950570342,0.0135382192571727,0.2453506862092979,1.0,0.3463723601929867,7.0,0.4288187319261587,-0.0270391003003678,0.8157455804401424,2.0,0.2495610485273363,6.0,3318.459956476858,17486.926785313597,0.7507576944395205,0,900.277758376449,5085.015818096865,,0.0391134581227206,0.8200314030501993,2.6100333486849765,0.0023842895770713,0.0040524348359441,6.34719136781974e-05,7.384094350613344e-05,0.0019663925634608,5.9587653438207606e-05,0.0303030303030303,1555.8999415715796,8714.386548206603,12.410434782608696,6.931614363566341,0.0301752434259476,0.0639743526486963,0.0216581842800628,0.038928329733529,0.0801824256244365,0.0179808621196599,25884328.764937937,148688630.69757345,0.0303030303030303,0.0490115456858193,5.232097814348886,2.9279497686980148e-12,0.5711812680738413,0.8111596833864642,0.1473890838874899,0.8689636972458633,4.0,0.0518793970924905,3.0,arrhythmiaBinary_1_of_6
0.1366273562583704,0.2654894714741301,0.9421453216144652,0.900413767158342,0.0396270396270396,0.9615458276333788,6.0,0.0220109254912086,4.0,0.3435197410074013,0.8636533432947329,0.7728718124153373,,0.0,0.0242508344193623,0.06237969237118,0.1518132899473983,0.3435197410074013,0.3889049900830836,254.9662004662005,61.833778725219005,0.104087305642595,0.2182965649025501,,,1.4894327265508351,16.024617328849974,0.8025257511838608,1810.04155603908,10532.971990628665,0.9615458276333788,6.0,0.0220109254912086,4.0,21.46431527215656,,,0.039046528348215,,,,0.9428904428904428,,0.8403263403263403,,0.5,0.6164520656498107,1.31182238204005,5.178998096946379,5.387645077893822,1.26618957738956,5.007992206511193,0.6301948231980603,0.2509767168074948,19.97858391608392,37.44598180915602,25.235294117647054,288.6587684750361,13.228129976511452,73.40772502009335,1.2696608371596636,0.9054362368016016,,,0.033807954354271,,0.034965034965035,,0.034965034965035,,35,6.714285714285714,2.295410107807581,0.0285714285714285,0.1285985423308572,1160.903318903319,1553.015413701526,0.5,0.0202030508910441,1.4834283213829975,0.9615458276333788,6.0,0.0220109254912086,4.0,0.8417282018680621,9.811323529411764,54.4794168753393,34.205882352941174,146.44241383700958,14.213715709284962,73.39609286136438,14.014705882352942,73.41419288242255,0.7058823529411765,2.769196489572556,0.016004225462203,0.0355611262646261,0.0874125874125874,0.2025299044202143,0.1522304942488918,0.0606060606060606,0.2387454688359842,0.1013986013986013,0.3020318622800371,0.8589876880984951,2.0,0.0584210809430499,6.0,34,1.0,0.0396270396270396,3.090909090909091,1.6403990645294486,2.6153846153846154,2.292686253374032,34,7,0,2,0.035650623885918,1,858,2.0,34,30,0.2381097399459628,57.86853592755974,,0.293103448275862,0.3380125835742766,0.4842134062927496,1.0,0.2668346119446745,7.0,0.5973308384261683,-0.0025333696046678,0.9359097127222984,3.5,0.005989456103884,1.5,33.5,146.3404602392322,1.4834283213829975,0,8.182042847994872,42.37825873754575,,0.006083998920063,,,0.3204578582613754,0.2405887890044003,0.0011682242990654,5.630367020209264e-05,0.0396270396270396,0.0011655011655011,0.0294117647058823,14.032208924406712,73.41628030242555,5.826086956521739,2.531893744512956,0.0850517049848097,0.0977927029012093,0.1109095982142857,0.119139456253846,0.4188206160037146,0.3180830176831222,1810.04155603908,10532.554689537856,0.0294117647058823,0.0947201562530621,81.29701808573205,6.989486160994435e-08,0.4026691615738317,1.226973884069761,0.4329524029437368,0.9359097127222984,3.5,0.005989456103884,1.5,cervicalCancer_1_of_1
0.0219832705113769,0.0094611598720807,4.458130693384647,0.000500325658624,0.0154782608695652,0.8487826086956523,4.0,0.0055520677982891,3.0,0.7219280948873623,0.5294117647058824,0.2553139340025025,,0.0,6.408416874654074,0.0201923955159127,0.0005219828830992,0.7219280948873623,0.4806986427506585,5049.843364130435,923.6913003281552,0.3095441534243554,0.250679457864257,0.0721731159884329,0.1412052228159352,1953.531603615371,3826.35042821195,0.8028762425466108,27087.536251609275,57327.76847772506,0.8305217391304348,2.0,0.0155144233696639,7.0,2.756886812844221,0.9994414356222112,0.0006536937262588,0.6965456515099306,,3.527819413188021e-53,,0.9732173913043478,,0.7791304347826087,,0.5,0.4242640687119285,,,129.55647153281308,,,0.6799402102304988,0.2209109934861187,1277.800195652174,1113.480692976774,64.6067415730337,4194.047004690083,89.90308988764045,1.1183896831605642,4.918195264704799,0.0075464298257982,20.07443624179093,2.091576445078067,0.1576960429698397,,0.1758260869565217,,0.1517391304347826,,281,17.846975088967973,13.304191059429572,0.0035587188612099,0.0422473451222513,812557232603634.2,4852357811048138.0,0.5,0.1233033177158036,0.0697306089261998,0.8205217391304348,1.0,0.0031002300190425,2.0,0.7633182003780719,66.67535393258427,0.9112112836853626,1737.6404494382025,296.35957878313974,-7.72243624816805,2.015246623394264,-7.314606741573034,0.963697043352694,-1812.5,81.03924208099522,0.2618635235672097,0.00753781319575,0.1077391304347826,0.3483886026586975,0.0879614446175728,0.0509565217391304,0.2199185308484228,0.2146086956521739,0.4105684612288283,0.9574782608695652,7.0,0.0028825646122787,1.0,280,1.5730337078651686,0.0243478260869565,5.283018867924528,6.392234948298799,2.074074074074074,1.175811118129464,178,0,0,2,0.0335174252523328,1,11500,0.0,178,178,0.5004024235381879,16.024634178346822,,0.0454545454545454,0.0019286070666748,0.9516521739130436,6.0,0.0081180121583468,5.0,0.0651852048958342,-0.6229180841843536,0.8492173913043478,5.0,0.0081695949124418,6.0,3550.1404494382023,313.4989478961616,0.0697306089261998,0,164.54793542513497,3.4026820680967487,,0.5117964480033544,-0.5038448416303316,0.332164370762574,0.0008494029910343,1.2976818453984964e-05,0.0003526093088857,0.0097367537684854,0.0154782608695652,0.003391304347826,0.2191011235955056,-8.008547467839113,0.98276846561051,16.880570409982173,13.355509712251774,0.0194913471189855,0.0484688982630461,0.0201843695034039,0.0446758632061996,0.0867768595041321,0.0039152576338468,27087.536251609272,1117.658799486707,0.0056179775280898,0.0237057045227693,37.55858186733269,1.2129956407738348e-09,0.9348147951041658,0.6430093528444873,0.4139688007088273,0.8448695652173912,3.0,0.0057999992757244,4.0,epilepsy_1_of_1
